Fantasy Team,Player,Position,NFL Team,Yahoo Player ID
Frankie_pix,Jared Goff,QB,Det,29235
Frankie_pix,Jordan Addison,WR,Min,40042
Frankie_pix,Darnell Mooney,WR,NYG,32843
Frankie_pix,Jakobi Meyers,WR,Jax,32231
Frankie_pix,James Cook III,RB,Buf,34019
Frankie_pix,Bucky Irving,RB,TB,40993
Frankie_pix,David Njoku,TE,LAC,30142
Frankie_pix,Marvin Mims Jr.,WR,Den,40090
Frankie_pix,Noah Fant,TE,NO,31852
Frankie_pix,Patrick Mahomes,QB,KC,30123
Frankie_pix,Chuba Hubbard,RB,Car,33514
Frankie_pix,AJ Barner,TE,Sea,41001
Frankie_pix,Demarcus Robinson,WR,SF,29360
Frankie_pix,Devin Singletary,RB,NYG,31906
Frankie_pix,Mike Evans,WR,SF,27535
Frankie_pix,Ollie Gordon II,RB,Mia,41969
Frankie_pix,DeAndre Hopkins,WR,Bal,26650
Frankie_pix,Malik Nabers,WR,NYG,40899
Frankie_pix,Kaleb Johnson,RB,GB,41881
Frankie_pix,DJ Giddens,RB,Ind,41937
Frankie_pix,Brandin Cooks,WR,NO,27548
Frankie_pix,Jake Bates,K,Det,40835
Frankie_pix,Joey Slye,K,Ten,32384
Frankie_pix,Vikings,DEF,Min,
Frankie_pix,Chargers,DEF,LAC,
God619,Brock Purdy,QB,SF,34218
God619,Jaxon Smith-Njigba,WR,Sea,40041
God619,Amon-Ra St. Brown,WR,Det,33500
God619,Jauan Jennings,WR,Min,32887
God619,Saquon Barkley,RB,Phi,30972
God619,Kyren Williams,RB,LAR,34120
God619,Jake Tonges,TE,SF,34374
God619,Christian McCaffrey,RB,SF,30121
God619,George Kittle,TE,SF,30259
God619,Dalton Schultz,TE,Hou,31107
God619,Kyle Monangai,RB,Chi,42025
God619,Romeo Doubs,WR,NE,34088
God619,Rome Odunze,WR,Chi,40901
God619,J.J. McCarthy,QB,Min,40905
God619,Rachaad White,RB,Was,34047
God619,Keenan Allen,WR,Ind,26699
God619,Kareem Hunt,RB,KC,30199
God619,Travis Hunter,WR,Jax,41787
God619,Chris Godwin Jr.,WR,TB,30197
God619,Tyler Shough,QB,NO,41825
God619,Jalen Coker,WR,Car,41293
God619,Andy Borregales,K,NE,41980
God619,Harrison Butker,K,KC,30346
God619,Buccaneers,DEF,TB,100027
God619,Cowboys,DEF,Dal,100006
Hawk-Tua Tuesdays,Jalen Hurts,QB,Phi,32723
Hawk-Tua Tuesdays,Chris Olave,WR,NO,33966
Hawk-Tua Tuesdays,Deebo Samuel Sr.,WR,SF,31868
Hawk-Tua Tuesdays,Michael Wilson,WR,Ari,40121
Hawk-Tua Tuesdays,Jahmyr Gibbs,RB,Det,40059
Hawk-Tua Tuesdays,Omarion Hampton,RB,LAC,41807
Hawk-Tua Tuesdays,Jake Ferguson,TE,Dal,34085
Hawk-Tua Tuesdays,Stefon Diggs,WR,Was,28534
Hawk-Tua Tuesdays,Jaylen Warren,RB,Pit,34447
Hawk-Tua Tuesdays,Terry McLaurin,WR,Was,31908
Hawk-Tua Tuesdays,Baker Mayfield,QB,TB,30971
Hawk-Tua Tuesdays,Woody Marks,RB,Hou,41902
Hawk-Tua Tuesdays,Tee Higgins,WR,Cin,32703
Hawk-Tua Tuesdays,Malik Washington,WR,Mia,41058
Hawk-Tua Tuesdays,Ricky Pearsall,WR,SF,40892
Hawk-Tua Tuesdays,Tyjae Spears,RB,Ten,40119
Hawk-Tua Tuesdays,Jayden Reed,WR,GB,40063
Hawk-Tua Tuesdays,Braelon Allen,RB,NYJ,40981
Hawk-Tua Tuesdays,Calvin Austin III,WR,NYG,34094
Hawk-Tua Tuesdays,Adonai Mitchell,WR,NYJ,40915
Hawk-Tua Tuesdays,Darren Waller,TE,Car,28592
Hawk-Tua Tuesdays,Cameron Dicker,K,LAC,34344
Hawk-Tua Tuesdays,Jason Myers,K,Sea,28378
Hawk-Tua Tuesdays,Bills,DEF,Buf,100002
Hawk-Tua Tuesdays,Packers,DEF,GB,100009
Jimbo’s Smokin’ Hot,Josh Allen,QB,Buf,30977
Jimbo’s Smokin’ Hot,Nico Collins,WR,Hou,33477
Jimbo’s Smokin’ Hot,Elic Ayomanor,WR,Ten,41904
Jimbo’s Smokin’ Hot,Darius Slayton,WR,NYG,32003
Jimbo’s Smokin’ Hot,Josh Jacobs,RB,GB,31856
Jimbo’s Smokin’ Hot,TreVeyon Henderson,RB,NE,41823
Jimbo’s Smokin’ Hot,Travis Kelce,TE,KC,26686
Jimbo’s Smokin’ Hot,Parker Washington,WR,Jax,40234
Jimbo’s Smokin’ Hot,Brock Bowers,TE,LV,40878
Jimbo’s Smokin’ Hot,Rashee Rice,WR,KC,40084
Jimbo’s Smokin’ Hot,Kimani Vidal,RB,LAC,41052
Jimbo’s Smokin’ Hot,Bam Knight,RB,Ari,34357
Jimbo’s Smokin’ Hot,Sean Tucker,RB,TB,40742
Jimbo’s Smokin’ Hot,Zach Ertz,TE,Was,26658
Jimbo’s Smokin’ Hot,Jordan Mason,RB,Min,34320
Jimbo’s Smokin’ Hot,Jayden Higgins,WR,Hou,41819
Jimbo’s Smokin’ Hot,Cam Skattebo,RB,NYG,41922
Jimbo’s Smokin’ Hot,Trevor Lawrence,QB,Jax,33389
Jimbo’s Smokin’ Hot,Xavier Legette,WR,Car,40890
Jimbo’s Smokin’ Hot,Luther Burden III,WR,Chi,41824
Jimbo’s Smokin’ Hot,Juwan Johnson,TE,NO,33113
Jimbo’s Smokin’ Hot,Chad Ryland,K,Ari,40159
Jimbo’s Smokin’ Hot,Patriots,DEF,NE,100017
Jimbo’s Smokin’ Hot,Falcons,DEF,Atl,100001
Jimbo’s Smokin’ Hot,Giants,DEF,NYG,100019
Lame Clowns,Justin Herbert,QB,LAC,32676
Lame Clowns,Brian Thomas Jr.,WR,Jax,40883
Lame Clowns,Drake London,WR,Atl,33963
Lame Clowns,Troy Franklin,WR,Den,41009
Lame Clowns,Chase Brown,RB,Cin,40196
Lame Clowns,RJ Harvey,RB,Den,41845
Lame Clowns,Kyle Pitts Sr.,TE,Atl,33392
Lame Clowns,Travis Etienne Jr.,RB,NO,33413
Lame Clowns,Michael Pittman Jr.,WR,Pit,32704
Lame Clowns,Quinshon Judkins,RB,Cle,41821
Lame Clowns,DK Metcalf,WR,Pit,31896
Lame Clowns,Jayden Daniels,QB,Was,40896
Lame Clowns,Theo Johnson,TE,NYG,41003
Lame Clowns,Rashid Shaheed,WR,Sea,34659
Lame Clowns,Tucker Kraft,TE,GB,40102
Lame Clowns,Rhamondre Stevenson,RB,NE,33508
Lame Clowns,Zach Charbonnet,RB,Sea,40075
Lame Clowns,Jerry Jeudy,WR,Cle,32685
Lame Clowns,Kyle Williams,WR,NE,41864
Lame Clowns,Ray Davis,RB,Buf,40980
Lame Clowns,Tyler Allgeier,RB,Ari,34107
Lame Clowns,Chimere Dike,WR,Ten,41903
Lame Clowns,Devin Neal,RB,NO,41972
Lame Clowns,Ka'imi Fairbairn,K,Hou,29792
Lame Clowns,Texans,DEF,Hou,100034
My Ball Zach Ertz,Bo Nix,QB,Den,40875
My Ball Zach Ertz,Zay Flowers,WR,Bal,40039
My Ball Zach Ertz,DeVonta Smith,WR,Phi,33398
My Ball Zach Ertz,Wan'Dale Robinson,WR,Ten,33998
My Ball Zach Ertz,Bijan Robinson,RB,Atl,40055
My Ball Zach Ertz,De'Von Achane,RB,Mia,40118
My Ball Zach Ertz,Colby Parkinson,TE,LAR,32803
My Ball Zach Ertz,Jaylen Waddle,WR,Den,33394
My Ball Zach Ertz,Lamar Jackson,QB,Bal,31002
My Ball Zach Ertz,Mark Andrews,TE,Bal,31056
My Ball Zach Ertz,Quentin Johnston,WR,LAC,40051
My Ball Zach Ertz,Xavier Worthy,WR,KC,40877
My Ball Zach Ertz,Bhayshul Tuten,RB,Jax,41900
My Ball Zach Ertz,Nick Chubb,RB,Hou,31005
My Ball Zach Ertz,Matthew Golden,WR,GB,41808
My Ball Zach Ertz,Jaydon Blue,RB,Phi,41935
My Ball Zach Ertz,Jalen Milroe,QB,Sea,41882
My Ball Zach Ertz,Tua Tagovailoa,QB,Atl,32675
My Ball Zach Ertz,Keon Coleman,WR,Buf,40911
My Ball Zach Ertz,Brian Robinson,RB,Atl,34054
My Ball Zach Ertz,Tez Johnson,WR,TB,42030
My Ball Zach Ertz,Brandon Aubrey,K,Dal,40819
My Ball Zach Ertz,Chiefs,DEF,KC,100012
My Ball Zach Ertz,Steelers,DEF,Pit,100023
My Ball Zach Ertz,Browns,DEF,Cle,100005
NJGiants30,Joe Burrow,QB,Cin,32671
NJGiants30,Justin Jefferson,WR,Min,32692
NJGiants30,CeeDee Lamb,WR,Dal,32687
NJGiants30,Ja'Marr Chase,WR,Cin,33393
NJGiants30,D'Andre Swift,RB,Chi,32705
NJGiants30,Kenneth Walker III,RB,KC,33996
NJGiants30,Trey McBride,TE,Ari,34010
NJGiants30,Jameson Williams,WR,Det,33967
NJGiants30,Emeka Egbuka,WR,TB,41804
NJGiants30,Jordan Love,QB,GB,32696
NJGiants30,Alvin Kamara,RB,NO,30180
NJGiants30,J.K. Dobbins,RB,Den,32725
NJGiants30,DJ Moore,WR,Buf,30994
NJGiants30,Oronde Gadsden,TE,LAC,41951
NJGiants30,Hunter Henry,TE,NE,29269
NJGiants30,Tony Pollard,RB,Ten,31960
NJGiants30,Michael Penix Jr.,QB,Atl,40889
NJGiants30,Dylan Sampson,RB,Cle,41907
NJGiants30,Harold Fannin Jr.,TE,Cle,41877
NJGiants30,Isaiah Likely,TE,NYG,34095
NJGiants30,Chase McLaughlin,K,TB,32417
NJGiants30,Tyler Loop,K,Bal,41988
NJGiants30,Broncos,DEF,Den,100007
NJGiants30,Rams,DEF,LAR,100014
NJGiants30,Lions,DEF,Det,100008
Taylormade Mafia,Matthew Stafford,QB,LAR,9265
Taylormade Mafia,Puka Nacua,WR,LAR,40168
Taylormade Mafia,A.J. Brown,WR,NE,31883
Taylormade Mafia,Khalil Shakir,WR,Buf,34104
Taylormade Mafia,Derrick Henry,RB,Bal,29279
Taylormade Mafia,Aaron Jones Sr.,RB,Min,30295
Taylormade Mafia,Brenton Strange,TE,Jax,40078
Taylormade Mafia,Michael Carter,RB,Ten,33495
Taylormade Mafia,Isiah Pacheco,RB,Det,34207
Taylormade Mafia,Dalton Kincaid,TE,Buf,40048
Taylormade Mafia,Tyler Warren,TE,Ind,41799
Taylormade Mafia,John Metchie III,WR,Car,33999
Taylormade Mafia,Drake Maye,QB,NE,40881
Taylormade Mafia,Mason Taylor,TE,NYJ,41827
Taylormade Mafia,Garrett Wilson,WR,NYJ,33965
Taylormade Mafia,Josh Downs,WR,Ind,40126
Taylormade Mafia,Cooper Kupp,WR,Sea,30182
Taylormade Mafia,Trey Benson,RB,Ari,40958
Taylormade Mafia,C.J. Stroud,QB,Hou,40030
Taylormade Mafia,Shedeur Sanders,QB,Cle,41930
Taylormade Mafia,Emanuel Wilson,RB,Sea,40707
Taylormade Mafia,Will Reichard,K,Min,41093
Taylormade Mafia,Saints,DEF,NO,100018
Taylormade Mafia,Seahawks,DEF,Sea,100026
Taylormade Mafia,Ravens,DEF,Bal,100033
Thorpeedos,Aaron Rodgers,QB,Pit,7200
Thorpeedos,Alec Pierce,WR,Ind,34008
Thorpeedos,Ladd McConkey,WR,LAC,40908
Thorpeedos,Marvin Harrison Jr.,WR,Ari,40893
Thorpeedos,Ashton Jeanty,RB,LV,41791
Thorpeedos,Tyrone Tracy Jr.,RB,NYG,41048
Thorpeedos,Chig Okonkwo,TE,Was,34099
Thorpeedos,Javonte Williams,RB,Dal,33423
Thorpeedos,Breece Hall,RB,NYJ,33991
Thorpeedos,Hollywood Brown,WR,Phi,31857
Thorpeedos,Daniel Jones,QB,Ind,31838
Thorpeedos,Kayshon Boutte,WR,Hou,40224
Thorpeedos,Mack Hollins,WR,NE,30231
Thorpeedos,Sam LaPorta,TE,Det,40064
Thorpeedos,Jacory Croskey-Merritt,RB,Was,42010
Thorpeedos,David Montgomery,RB,Hou,31905
Thorpeedos,Tyreek Hill,WR,Mia,29399
Thorpeedos,James Conner,RB,Ari,30218
Thorpeedos,Cam Ward,QB,Ten,41786
Thorpeedos,Tory Horton,WR,Sea,41952
Thorpeedos,Brandon Aiyuk,WR,SF,32695
Thorpeedos,Jake Elliott,K,Phi,30266
Thorpeedos,Eddy Pineiro,K,SF,31482
Thorpeedos,Bears,DEF,Chi,100003
Thorpeedos,Eagles,DEF,Phi,100021
TJ Hockentuahs,Dak Prescott,QB,Dal,29369
TJ Hockentuahs,George Pickens,WR,Dal,34007
TJ Hockentuahs,Courtland Sutton,WR,Den,31010
TJ Hockentuahs,Christian Watson,WR,GB,33989
TJ Hockentuahs,Kenny Gainwell,RB,TB,33538
TJ Hockentuahs,Jonathan Taylor,RB,Ind,32711
TJ Hockentuahs,Colston Loveland,TE,Chi,41795
TJ Hockentuahs,Tetairoa McMillan,WR,Car,41793
TJ Hockentuahs,Rico Dowdle,RB,Pit,33100
TJ Hockentuahs,Dallas Goedert,TE,Phi,31019
TJ Hockentuahs,Davante Adams,WR,LAR,27581
TJ Hockentuahs,Jaxson Dart,QB,NYG,41810
TJ Hockentuahs,T.J. Hockenson,TE,Min,31840
TJ Hockentuahs,Kyler Murray,QB,Min,31833
TJ Hockentuahs,Chris Rodriguez Jr.,RB,Jax,40231
TJ Hockentuahs,Caleb Williams,QB,Chi,40900
TJ Hockentuahs,Blake Corum,RB,LAR,40962
TJ Hockentuahs,Calvin Ridley,WR,Ten,30996
TJ Hockentuahs,Sam Darnold,QB,Sea,30973
TJ Hockentuahs,Joe Mixon,RB,Hou,30161
TJ Hockentuahs,Tank Dell,WR,Hou,40097
TJ Hockentuahs,Geno Smith,QB,NYJ,26662
TJ Hockentuahs,Evan McPherson,K,Cin,33537
TJ Hockentuahs,Jaguars,DEF,Jax,100030
TJ Hockentuahs,49ers,DEF,SF,100025
