Player,Position,NFL Team,Pre-Season Rank,Actual Rank,Rostered %,Bye,Roster Status,Yahoo Player ID
Jeremiyah Love,RB,Ari,28,28,100%,14,FA,42625
Jadarian Price,RB,Sea,59,59,96%,11,FA,42654
MarShawn Lloyd,RB,GB,71,71,86%,11,FA,40971
Carnell Tate,WR,Ten,74,74,93%,9,FA,42626
Jonathon Brooks,RB,Car,77,77,92%,5,FA,40926
De'Zhaun Stribling,WR,SF,93,93,77%,8,FA,42655
KC Concepcion,WR,Cle,98,98,76%,11,FA,42646
Makai Lemon,WR,Phi,102,102,75%,10,FA,42642
Keaton Mitchell,RB,LAC,124,124,42%,7,FA,40641
Mike Washington Jr.,RB,LV,128,128,56%,13,FA,42744
Jordyn Tyson,WR,NO,129,129,57%,8,FA,42630
Malik Willis,QB,Mia,133,133,41%,6,FA,34042
Tank Bigsby,RB,Phi,138,138,36%,10,FA,40095
Jonah Coleman,RB,Den,141,141,34%,10,FA,42730
Tre Tucker,WR,LV,142,142,27%,13,FA,40114
Denzel Boston,WR,Cle,144,144,30%,11,FA,42661
Terrance Ferguson,TE,LAR,151,151,24%,11,FA,41831
Dontayvion Wicks,WR,Phi,152,152,15%,10,FA,40201
Emmett Johnson,RB,KC,157,157,17%,5,FA,42796
Jalen McMillan,WR,TB,160,160,16%,10,FA,40954
Ja'Kobi Lane,WR,Bal,161,161,19%,13,FA,42702
Kaelon Black,RB,SF,169,169,22%,8,FA,42712
Pat Bryant,WR,Den,171,171,7%,10,FA,41860
Ryan Flournoy,WR,Dal,172,172,8%,14,FA,41087
Malik Davis,RB,Dal,176,176,6%,14,FA,34610
Caleb Douglas,WR,Mia,179,179,11%,6,FA,42697
Cyrus Allen,WR,KC,180,180,8%,5,FA,42773
Bryce Young,QB,Car,182,182,13%,5,FA,40029
Tre' Harris,WR,LAC,184,184,4%,7,FA,41840
Jalen Nailor,WR,LV,186,186,17%,13,FA,34147
Jaylin Noel,WR,Hou,190,190,2%,8,FA,41885
Omar Cooper Jr.,WR,NYJ,192,192,6%,13,FA,42652
Greg Dulcich,TE,Mia,193,193,11%,6,FA,34036
Kenyon Sadiq,TE,NYJ,195,195,15%,13,FA,42638
Najee Harris,RB,NYG,201,201,9%,8,FA,33412
Demond Claiborne,RB,Min,203,203,2%,6,FA,42820
Nicholas Singleton,RB,Ten,204,204,4%,9,FA,42763
Devaughn Vele,WR,NO,205,205,3%,8,FA,41097
Chris Bell,WR,Mia,206,206,5%,6,FA,42716
Jacoby Brissett,QB,Ari,209,209,7%,14,FA,29325
Zachariah Branch,WR,Atl,212,212,4%,11,FA,42701
Fernando Mendoza,QB,LV,214,214,11%,13,FA,42623
Pat Freiermuth,TE,Pit,216,216,6%,9,FA,33443
George Holani,RB,Sea,219,219,3%,11,FA,41344
Rashod Bateman,WR,Bal,222,222,3%,13,FA,33415
Cade Otton,TE,TB,223,223,3%,10,FA,34062
Seth McGowan,RB,Ind,224,224,1%,13,FA,42859
Malachi Fields,WR,NYG,225,225,6%,8,FA,42696
Kaytron Allen,RB,Was,227,227,2%,7,FA,42809
Kendre Miller,RB,NO,228,228,0%,8,FA,40108
Samaje Perine,RB,Cin,230,230,4%,6,FA,30227
Tyquan Thornton,WR,KC,231,231,1%,5,FA,34005
Jahan Dotson,WR,Atl,234,234,1%,11,FA,33971
Jack Bech,WR,LV,236,236,1%,13,FA,41843
Antonio Williams,WR,Was,238,238,2%,7,FA,42693
Ted Hurst III,WR,TB,241,241,2%,10,FA,42706
Jordan James,RB,SF,242,242,2%,8,FA,41933
Chris Brooks,RB,GB,244,244,2%,11,FA,40625
Justice Hill,RB,Bal,246,246,3%,13,FA,31945
Isaac TeSlaa,WR,Det,254,254,5%,6,FA,41865
Jaylen Wright,RB,Mia,255,255,2%,6,FA,41010
Adam Randall,RB,Bal,256,256,1%,13,FA,42780
Charlie Kolar,TE,LAC,259,259,1%,7,FA,34084
Gunnar Helm,TE,Ten,264,264,3%,9,FA,41905
Germie Bernard,WR,Pit,266,266,2%,9,FA,42669
Eli Raridon,TE,NE,274,274,1%,11,FA,42717
Treylon Burks,WR,Was,278,278,0%,7,FA,33973
Isaiah Davis,RB,NYJ,279,279,0%,13,FA,41031
Roschon Johnson,RB,Chi,280,280,1%,10,FA,40162
Tahj Brooks,RB,Cin,281,281,0%,6,FA,41983
Evan Engram,TE,Den,286,286,2%,10,FA,30136
Bryce Lance,WR,NO,287,287,0%,8,FA,42758
Michael Mayer,TE,LV,288,288,1%,13,FA,40065
Joshua Palmer,WR,Buf,292,292,0%,7,FA,33465
DeMario Douglas,WR,NE,293,293,1%,11,FA,40222
Xavier Hutchinson,WR,Hou,295,295,0%,8,FA,40232
Malik Benson,WR,LV,296,296,0%,13,FA,42817
Elijah Sarratt,WR,Bal,301,301,0%,13,FA,42737
Eli Stowers,TE,Phi,304,304,1%,10,FA,42676
Deshaun Watson,QB,Cle,306,306,2%,11,FA,30125
Marlin Klein,TE,Hou,307,307,0%,8,FA,42681
Kirk Cousins,QB,LV,308,308,4%,13,FA,25812
Skyler Bell,WR,Buf,309,309,1%,7,FA,42747
Brenen Thompson,WR,LAC,310,310,0%,7,FA,42727
Darnell Washington,TE,Pit,311,311,1%,9,FA,40094
Elijah Arroyo,TE,Sea,312,312,0%,11,FA,41835
Mike Gesicki,TE,Cin,313,313,1%,6,FA,31012
Ashton Dulin,WR,Ind,316,316,0%,13,FA,32292
Erick All Jr.,TE,Cin,317,317,0%,6,FA,40989
Carson Beck,QB,Ari,318,318,1%,14,FA,42687
LeQuint Allen Jr.,RB,Jax,320,320,0%,7,FA,42007
Andrei Iosivas,WR,Cin,321,321,1%,6,FA,40211
Trevor Etienne,RB,Car,324,324,1%,5,FA,41913
Luke McCaffrey,WR,Was,325,325,0%,7,FA,40964
Raheim Sanders,RB,Cle,326,326,0%,11,FA,42139
Oscar Delp,TE,NO,327,327,0%,8,FA,42695
Sione Vaki,RB,Det,328,328,0%,6,FA,41006
Christian Kirk,WR,SF,331,331,1%,8,FA,31017
Ty Johnson,RB,Buf,333,333,0%,7,FA,32018
Brashard Smith,RB,KC,335,335,0%,5,FA,42012
Isaiah Bond,WR,Cle,336,336,0%,11,FA,42598
Phil Mafah,RB,Dal,338,338,0%,14,FA,42018
Colbie Young,WR,Cin,339,339,0%,6,FA,42762
CJ Daniels,WR,LAR,341,341,0%,11,FA,42819
Jarquez Hunter,RB,Mia,342,342,0%,6,FA,41919
Emari Demercado,RB,Dal,343,343,0%,14,FA,40430
Savion Williams,WR,GB,344,344,0%,11,FA,41851
Zavion Thomas,WR,Chi,345,345,2%,10,FA,42711
Roman Wilson,WR,Pit,346,346,0%,9,FA,40952
Kendrick Bourne,WR,Ari,348,348,0%,14,FA,30551
Kalif Raymond,WR,Chi,350,350,0%,10,FA,29631
Corey Kiner,RB,NE,351,351,0%,11,FA,42386
Justin Fields,QB,KC,356,356,1%,5,FA,33399
Tyler Higbee,TE,LAR,359,359,1%,11,FA,29344
Jonnu Smith,TE,GB,361,361,0%,11,FA,30213
Dawson Knox,TE,Buf,363,363,1%,7,FA,31928
Carson Wentz,QB,Min,366,366,0%,6,FA,29236
Taysom Hill,TE,NO,373,373,0%,8,FA,30614
Cole Kmet,TE,Chi,376,376,1%,10,FA,32713
Audric Estime,RB,NO,378,378,0%,8,FA,41019
Josh Oliver,TE,Min,2070,2070,0%,6,FA,31901
Austin Hooper,TE,Atl,2073,2073,0%,11,FA,29315
Jawhar Jordan,RB,Hou,2074,2074,0%,8,FA,41064
Brock Wright,TE,Det,2075,2075,0%,6,FA,33774
Greg Dortch,WR,Buf,2078,2078,0%,7,FA,32523
KaVontae Turpin,WR,Dal,2080,2080,4%,14,FA,34709
Joe Flacco,QB,Cin,2083,2083,0%,6,FA,8795
Sterling Shepard,WR,Hou,2084,2084,0%,8,FA,29274
Olamide Zaccheaus,WR,Atl,2086,2086,0%,11,FA,32123
Kevin Austin Jr.,WR,NO,2087,2087,0%,8,FA,34242
Cedric Tillman,WR,NO,2088,2088,0%,8,FA,40093
Miles Sanders,RB,Dal,2089,2089,0%,14,FA,31885
Tanner Hudson,TE,Cin,2090,2090,0%,6,FA,31257
Ja'Tavion Sanders,TE,Car,2092,2092,0%,5,FA,40995
Devontez Walker,WR,Bal,2093,2093,0%,13,FA,40991
Daniel Bellinger,TE,Ten,2095,2095,0%,9,FA,34068
Hunter Renfrow,WR,Car,2096,2096,0%,5,FA,31981
Tommy Tremble,TE,Car,2097,2097,0%,5,FA,33471
Gabe Davis,WR,Buf,2099,2099,0%,7,FA,32798
Hunter Long,TE,Ari,2102,2102,0%,14,FA,33469
Jalen Tolbert,WR,Mia,2103,2103,0%,6,FA,34044
Jackson Hawes,TE,Buf,2104,2104,0%,7,FA,41959
Mac Jones,QB,SF,2106,2106,0%,8,FA,33403
Adam Trautman,TE,Den,2107,2107,0%,10,FA,32775
Tyler Conklin,TE,Det,2109,2109,0%,6,FA,31127
Lil'Jordan Humphrey,WR,Den,2113,2113,0%,10,FA,32494
Noah Gray,TE,KC,2114,2114,0%,5,FA,33550
Van Jefferson,WR,Was,2115,2115,0%,7,FA,32727
Mitchell Evans,TE,Car,2116,2116,0%,5,FA,41949
Jahdae Walker,WR,Chi,2117,2117,0%,10,FA,42400
Davis Allen,TE,LAR,2118,2118,0%,11,FA,40164
Ben Sinnott,TE,Was,2119,2119,0%,7,FA,40931
Tyler Johnson,WR,Dal,2120,2120,0%,14,FA,32831
Tim Patrick,WR,NYJ,2121,2121,0%,13,FA,30511
Elijah Higgins,TE,Ari,2122,2122,0%,14,FA,40226
JuJu Smith-Schuster,WR,NYG,2123,2123,0%,8,FA,30175
Austin Ekeler,RB,Was,2124,2124,0%,7,FA,30423
Will Dissly,TE,LAC,2125,2125,0%,7,FA,31090
Antonio Gibson,RB,NE,2126,2126,0%,11,FA,32736
Josh Reynolds,WR,NYJ,2127,2127,0%,13,FA,30230
Tutu Atwell,WR,LAR,2130,2130,0%,11,FA,33445
Tyler Lockett,WR,LV,2131,2131,0%,13,FA,28457
Luke Musgrave,TE,GB,2133,2133,0%,11,FA,40074
Nick Vannett,TE,Bal,2134,2134,0%,13,FA,29328
Spencer Rattler,QB,NO,2135,2135,0%,8,FA,41043
Alexander Mattison,RB,Mia,2136,2136,0%,6,FA,31934
Tyrell Shavers,WR,Buf,2137,2137,0%,7,FA,40630
Mitch Tinsley,WR,Hou,2139,2139,0%,8,FA,40313
Noah Brown,WR,LV,2140,2140,0%,13,FA,30352
M. Valdes-Scantling,WR,Dal,2141,2141,0%,14,FA,31144
Bub Means,WR,NO,2142,2142,0%,8,FA,41045
Dyami Brown,WR,Was,2143,2143,0%,7,FA,33470
CJ Dippre,TE,TB,2144,2144,0%,10,FA,42291
Carsen Ryan,TE,Cle,2145,2145,0%,11,FA,42870
RJ Maryland,TE,GB,2146,2146,0%,11,FA,43087
Carson Towt,TE,Ind,2147,2147,0%,13,FA,42620
Evan Svoboda,TE,LAC,2148,2148,0%,7,FA,42927
Thomas Fidone II,TE,NYG,2149,2149,0%,8,FA,42004
Chris Myarick,TE,LV,2150,2150,0%,13,FA,32442
A. Okwuegbunam Jr.,TE,LV,2151,2151,0%,13,FA,32788
Bauer Sharp,TE,TB,2152,2152,0%,10,FA,42807
Lance Mason,TE,Pit,2153,2153,0%,9,FA,43012
Marcedes Lewis,TE,Den,2154,2154,0%,10,FA,7777
DJ Rogers,TE,Dal,2155,2155,0%,14,FA,43055
Josh Cuevas,TE,Bal,2156,2156,0%,13,FA,42782
Messiah Swinson,TE,Cle,2157,2157,0%,11,FA,41463
Tanner Arkin,TE,NE,2158,2158,0%,11,FA,43152
Johnny Pascuzzi,TE,LAC,2159,2159,0%,7,FA,43433
Connor Hulstein,TE,NYJ,2160,2160,0%,13,FA,43471
Chamon Metayer,TE,Car,2161,2161,0%,5,FA,43035
Devin Culp,TE,TB,2162,2162,0%,10,FA,41120
Sal Cannella,TE,Cle,2163,2163,0%,11,FA,33932
Ademola Faleye,TE,TB,2164,2164,0%,10,FA,43109
Justin Joly,TE,Mia,2165,2165,0%,6,FA,42764
Treyton Welch,TE,NO,2166,2166,0%,8,FA,41363
Mitch Van Vooren,TE,NE,2167,2167,0%,11,FA,42547
Jared Wiley,TE,KC,2168,2168,0%,5,FA,40978
Tre Watson,TE,Mia,2169,2169,0%,6,FA,42430
Robert Tonyan,TE,Pit,2170,2170,0%,9,FA,30777
Nikola Kalinic,TE,Chi,2171,2171,0%,10,FA,33950
Sam Roush,TE,Chi,2172,2172,0%,10,FA,42691
Eni Falayi,TE,GB,2173,2173,0%,11,FA,43088
Patrick Gurd,TE,LV,2174,2174,0%,13,FA,43272
E.J. Jenkins,TE,Phi,2175,2175,0%,10,FA,40550
Matt Hibner,TE,Bal,2176,2176,0%,13,FA,42755
Bryson Nesbit,TE,Min,2177,2177,0%,6,FA,42266
Tanner Koziol,TE,Jax,2178,2178,0%,7,FA,42797
Rivaldo Fairweather,TE,Ari,2179,2179,0%,14,FA,42153
Travis Vokolek,TE,Ari,2180,2180,0%,14,FA,40643
Dallen Bentley,TE,Den,2181,2181,0%,10,FA,42878
James Mitchell,TE,Dal,2182,2182,0%,14,FA,34133
Nate Boerkircher,TE,Jax,2183,2183,0%,7,FA,42678
Matt Lauter,TE,Min,2184,2184,0%,6,FA,43130
Tyree Jackson,TE,Was,2185,2185,0%,7,FA,32415
Michael Trigg,TE,Dal,2186,2186,0%,14,FA,42887
Caden Prieskorn,TE,Car,2187,2187,0%,5,FA,42243
Khalil Dinkins,TE,SF,2188,2188,0%,8,FA,42972
Joshua Simon,TE,Was,2189,2189,0%,7,FA,42186
DeShawn Hanika,TE,Ind,2190,2190,0%,13,FA,43239
Zaire Mitchell-Paden,TE,Hou,2191,2191,0%,8,FA,34489
Joel Wilson,TE,Ten,2192,2192,0%,9,FA,40346
Stone Eby,TE,Den,2193,2193,0%,10,FA,43391
Brandon Frazier,TE,Atl,2194,2194,0%,11,FA,43379
Baylor Cupp,TE,Ari,2195,2195,0%,14,FA,41556
Hayden Rucci,TE,Jax,2196,2196,0%,7,FA,41692
Luke Lachey,TE,Hou,2197,2197,0%,8,FA,42041
McCallan Castles,TE,GB,2198,2198,0%,11,FA,41373
Keleki Latu,TE,Buf,2199,2199,0%,7,FA,42063
Nick Kallerup,TE,Sea,2200,2200,0%,11,FA,42465
Tre' McKitty,TE,Was,2201,2201,0%,7,FA,33485
Nick Muse,TE,Atl,2202,2202,0%,11,FA,34183
Brett Weaver,TE,Den,2203,2203,0%,10,FA,43412
Max Klare,TE,LAR,2204,2204,0%,11,FA,42683
Kenny Fletcher Jr.,TE,TB,2205,2205,0%,10,FA,43357
Zack Kuntz,TE,Dal,2206,2206,0%,14,FA,40255
Jaren Kanak,TE,Ten,2207,2207,0%,9,FA,42847
Chase Curtis,TE,NYJ,2208,2208,0%,13,FA,43164
Jerand Bradley,TE,LAC,2209,2209,0%,7,FA,42936
Hayden Large,TE,Chi,2210,2210,0%,10,FA,43027
Jake Briningstool,TE,KC,2211,2211,0%,5,FA,42117
Louis Hansen,TE,Hou,2212,2212,0%,8,FA,43457
Ty Pezza,TE,Bal,2213,2213,0%,13,FA,43002
Miles Kitselman,TE,Det,2214,2214,0%,6,FA,43082
Marshall Lang,TE,Min,2215,2215,0%,6,FA,42353
Thomas Gordon,TE,Det,2216,2216,0%,6,FA,42571
Dan Villari,TE,LAR,2217,2217,0%,11,FA,43138
Drake Dabney,TE,GB,2218,2218,0%,11,FA,42523
Drew Biber,TE,Cle,2219,2219,0%,11,FA,43470
Josh Kattus,TE,Cin,2220,2220,0%,6,FA,43058
Lake McRee,TE,Pit,2221,2221,0%,9,FA,43036
Patrick Herbert,TE,LAC,2222,2222,0%,7,FA,42204
Jameson Geers,TE,Ari,2223,2223,0%,14,FA,43212
Jack Endries,TE,Cin,2224,2224,0%,6,FA,42843
Shawn Bowman,TE,Ari,2225,2225,0%,14,FA,41512
Zach Horton,TE,Det,2226,2226,0%,6,FA,42420
Heinrich Haarberg,TE,Car,2227,2227,0%,5,FA,43449
Layne Pryor,TE,Hou,2228,2228,0%,8,FA,42612
Teagan Quitoriano,TE,Ari,2229,2229,0%,14,FA,34126
Princeton Fant,TE,Dal,2230,2230,0%,14,FA,40778
JJ Galbreath,TE,Ind,2231,2231,0%,13,FA,42275
Quentin Moore,TE,Was,2232,2232,0%,7,FA,43206
Jeremiah Franklin,TE,Mia,2233,2233,0%,6,FA,43463
J. Michael Gyllenborg,TE,KC,2234,2234,0%,5,FA,43116
Moliki Matavao,TE,NO,2235,2235,0%,8,FA,42006
Jermaine Terry,TE,Cle,2236,2236,0%,11,FA,42446
Sean McKeon,TE,Ind,2237,2237,0%,13,FA,33101
Jelani Woods,TE,NYJ,2238,2238,0%,13,FA,34029
Tanner McLachlan,TE,SF,2239,2239,0%,8,FA,41066
Rohan Jones,TE,LAR,2240,2240,0%,11,FA,43139
Cody Hardy,TE,NO,2241,2241,0%,8,FA,43161
Cole Turner,TE,Mia,2242,2242,0%,6,FA,34105
Jack Velling,TE,Atl,2243,2243,0%,11,FA,43178
Lawrence Cager,TE,Was,2244,2244,0%,7,FA,33329
Gavin Bartholomew,TE,Min,2245,2245,0%,6,FA,41994
Mark Redman,TE,GB,2246,2246,0%,11,FA,42323
Ethan Conner,TE,Mia,2247,2247,0%,6,FA,42965
Stephen Carlson,TE,Chi,2248,2248,0%,10,FA,32273
Caleb Lohner,TE,Den,2249,2249,0%,10,FA,42027
Dae'Quan Wright,TE,Cle,2250,2250,0%,11,FA,42885
Jalin Conyers,TE,Mia,2251,2251,0%,6,FA,42167
Mason Pline,TE,KC,2252,2252,0%,5,FA,41368
Joe Royer,TE,Cle,2253,2253,0%,11,FA,42772
Will Kacmarek,TE,Mia,2254,2254,0%,6,FA,42709
Seydou Traore,TE,Mia,2255,2255,0%,6,FA,42790
Brevin Jordan,TE,Hou,2256,2256,0%,8,FA,33535
Thomas Yassmin,TE,GB,2257,2257,0%,11,FA,41397
Bryce Pierre,TE,Car,2258,2258,0%,5,FA,42274
Ko Kieft,TE,TB,2259,2259,0%,10,FA,34174
Tyler Moore,TE,Ind,2260,2260,0%,13,FA,43464
Donald Parham Jr.,TE,Pit,2261,2261,0%,9,FA,32456
Shane Zylstra,TE,NE,2262,2262,0%,11,FA,33803
Qadir Ismail,TE,Chi,2263,2263,0%,10,FA,41562
David Sills V,WR,TB,2264,2264,0%,10,FA,32418
Marcus Mariota,QB,Was,2265,2265,0%,7,FA,28390
Jeremy Ruckert,TE,NYJ,2266,2266,0%,13,FA,34057
Grant Calcaterra,TE,Phi,2267,2267,0%,10,FA,34154
Kenny Yeboah,TE,Ari,2268,2268,0%,14,FA,33705
Ian Thomas,TE,LV,2269,2269,0%,13,FA,31071
Isaiah Hodgins,WR,NYG,2270,2270,0%,8,FA,32877
Josh Whyle,TE,GB,2271,2271,0%,11,FA,40182
Chris Manhertz,TE,NYG,2272,2272,0%,8,FA,28365
Elijah Moore,WR,Phi,2273,2273,0%,10,FA,33422
Mo Alie-Cox,TE,Ind,2274,2274,0%,13,FA,30112
Ben Sims,TE,Mia,2275,2275,0%,6,FA,40335
David Moore,WR,Car,2276,2276,0%,5,FA,30339
Foster Moreau,TE,Hou,2277,2277,0%,8,FA,31969
Cam Grandy,TE,Min,2278,2278,0%,6,FA,41353
Jackson Meeks,"WR,TE",Det,2279,2279,0%,6,FA,42238
Justin Shorter,"WR,TE",LV,2280,2280,0%,13,FA,40167
Drew Sample,TE,Cin,2281,2281,0%,6,FA,31884
Zay Jones,WR,Hou,2282,2282,0%,8,FA,30150
Chris Moore,WR,Bal,2283,2283,0%,13,FA,29341
Nate Adkins,TE,Den,2284,2284,0%,10,FA,40702
Pharaoh Brown,TE,Ind,2285,2285,0%,13,FA,30627
Curtis Samuel,WR,Buf,2286,2286,0%,7,FA,30153
Jaheim Bell,TE,Pit,2287,2287,0%,9,FA,41106
Jaleel McLaughlin,RB,Cle,2288,2288,0%,11,FA,40696
Will Mallory,TE,Ind,2289,2289,0%,13,FA,40180
Cade Stover,TE,Hou,2290,2290,0%,8,FA,40987
Ainias Smith,WR,Car,2291,2291,0%,5,FA,41030
Jaret Patterson,RB,LAC,2292,2292,0%,7,FA,33706
Ray-Ray McCloud III,WR,Chi,2293,2293,0%,10,FA,31157
Anthony Firkser,TE,Det,2294,2294,0%,6,FA,30571
Sincere McCormick,RB,SF,2295,2295,0%,8,FA,34551
Malik Heath,WR,Atl,2296,2296,0%,11,FA,40445
John Bates,TE,Was,2297,2297,0%,7,FA,33512
Xavier Restrepo,WR,Ten,2298,2298,0%,9,FA,42368
Jeremiah Webb,WR,NE,2299,2299,0%,11,FA,42437
Vinny Anthony II,WR,Atl,2300,2300,0%,11,FA,42996
Trayvon Rudolph,WR,Min,2301,2301,0%,6,FA,43439
Courtney Jackson,WR,Ten,2302,2302,0%,9,FA,42071
Montrell Washington,WR,NYG,2303,2303,0%,8,FA,34118
A.T. Perry,WR,Den,2304,2304,0%,10,FA,40242
Juwann Winfree,WR,Hou,2305,2305,0%,8,FA,32019
Cortez Braham Jr.,WR,Bal,2306,2306,0%,13,FA,43181
Wesley Grimes,WR,SF,2307,2307,0%,8,FA,42970
Dohnte Meyers,WR,Cin,2308,2308,0%,6,FA,42616
Kevin Coleman Jr.,WR,Mia,2309,2309,0%,6,FA,42768
Shaleak Knotts,WR,Min,2310,2310,0%,6,FA,42917
Josh Kelly,WR,Hou,2311,2311,0%,8,FA,42150
Squirrel White,WR,Chi,2312,2312,0%,10,FA,43349
Jacob De Jesus,WR,KC,2313,2313,0%,5,FA,43258
Kendrick Law,WR,Det,2314,2314,0%,6,FA,42798
Tyren Montgomery,WR,Ten,2315,2315,0%,9,FA,42896
Luke Wysong,WR,Min,2316,2316,0%,6,FA,42938
Jakobie Keeney-James,WR,Pit,2317,2317,0%,9,FA,42246
Hank Beatty,WR,Ten,2318,2318,0%,9,FA,43094
Trebor Pena,WR,Jax,2319,2319,0%,7,FA,42951
Junior Bergen,WR,NYJ,2320,2320,0%,13,FA,42032
Jalen Virgil,WR,Ari,2321,2321,0%,14,FA,34579
Tay Martin,WR,Det,2322,2322,0%,6,FA,34319
Corey Rucker,WR,LV,2323,2323,0%,13,FA,43248
Stephen Gosnell,WR,Buf,2324,2324,0%,7,FA,42062
Camden Brown,WR,Dal,2325,2325,0%,14,FA,43059
Kyron Hudson,WR,Chi,2326,2326,0%,10,FA,43432
JP Richardson,WR,Chi,2327,2327,0%,10,FA,42047
Tommy Thomas,WR,Den,2328,2328,0%,10,FA,43408
Dane Key,WR,Den,2329,2329,0%,10,FA,43188
Cole Burgess,WR,Pit,2330,2330,0%,9,FA,41502
Tejhaun Palmer,WR,NE,2331,2331,0%,11,FA,41079
Liam Clifford,WR,LAC,2332,2332,0%,7,FA,43465
Nick DeGennaro,WR,NE,2333,2333,0%,11,FA,43363
Xavier Guillory,WR,Bal,2334,2334,0%,13,FA,42340
Xavier Johnson,WR,Cin,2335,2335,0%,6,FA,41274
Mekhi Mews,WR,NO,2336,2336,0%,8,FA,43166
Gary Jennings,WR,LAC,2337,2337,0%,7,FA,31952
Andrew Armstrong,WR,KC,2338,2338,0%,5,FA,42162
Elijah Cooks,WR,Car,2339,2339,0%,5,FA,40374
Mac Dalena,WR,Buf,2340,2340,0%,7,FA,42107
Jimmy Holiday,WR,KC,2341,2341,0%,5,FA,42490
Ja'seem Reed,WR,Car,2342,2342,0%,5,FA,42497
Brandon Hayes,WR,Phi,2343,2343,0%,10,FA,43451
Trent Taylor,WR,SF,2344,2344,0%,8,FA,30290
Cornell Powell,WR,Pit,2345,2345,0%,9,FA,33569
Samori Toure,WR,Phi,2346,2346,0%,10,FA,34214
Maurice Alexander,WR,Chi,2347,2347,0%,10,FA,34712
E.J. Williams Jr.,WR,LV,2348,2348,0%,13,FA,43129
John Rhys Plumlee,WR,Pit,2349,2349,0%,9,FA,41135
Raylen Sharpe,WR,Ind,2350,2350,0%,13,FA,43102
Jeff Caldwell,WR,KC,2351,2351,0%,5,FA,42880
Jonathan Brady,WR,LV,2352,2352,0%,13,FA,43287
Nick Nash,WR,Was,2353,2353,0%,7,FA,42185
Jacoby Jones,WR,Was,2354,2354,0%,7,FA,42436
Colton Dowell,WR,SF,2355,2355,0%,8,FA,40263
Jared Wayne,WR,Hou,2356,2356,0%,8,FA,40288
Jalen Moreno-Cropper,WR,NO,2357,2357,0%,8,FA,40774
Michael Briscoe,WR,Min,2358,2358,0%,6,FA,43242
Gabriel Benyard,WR,Car,2359,2359,0%,5,FA,43333
Kolbe Katsis,WR,Den,2360,2360,0%,10,FA,43382
Mario Williams,WR,LAR,2361,2361,0%,11,FA,42326
Jimmy Kibble,WR,NE,2362,2362,0%,11,FA,43368
Jaden Bradley,WR,Was,2363,2363,0%,7,FA,43092
Kyre Duplessis,WR,Den,2364,2364,0%,10,FA,43458
Michael Wortham,WR,Jax,2365,2365,0%,7,FA,42950
Hal Presley III,WR,KC,2366,2366,0%,5,FA,42060
Quentin Skinner,WR,Buf,2367,2367,0%,7,FA,42223
Lewis Bond,WR,Hou,2368,2368,0%,8,FA,42826
DT Sheffield,WR,NYJ,2369,2369,0%,13,FA,43158
Jalen Royals,WR,KC,2370,2370,0%,5,FA,41891
Brady Boyd,WR,Jax,2371,2371,0%,7,FA,42959
Malik Turner,WR,SF,2372,2372,0%,8,FA,31777
Quez Watkins,WR,Phi,2373,2373,0%,10,FA,32870
Max Tomczak,WR,Buf,2374,2374,0%,7,FA,43015
Terrill Davis,WR,Min,2375,2375,0%,6,FA,43442
Devonte Ross,WR,LAC,2376,2376,0%,7,FA,42930
Caullin Lacy,WR,NYJ,2377,2377,0%,13,FA,43165
Dontae Fleming,WR,Min,2378,2378,0%,6,FA,42255
Chandler Brayboy,WR,Jax,2379,2379,0%,7,FA,42210
Malik Rutherford,WR,Atl,2380,2380,0%,11,FA,42998
Roc Taylor,WR,Car,2381,2381,0%,5,FA,42279
Daniel Sobkowicz,WR,Hou,2382,2382,0%,8,FA,43195
Mante Morrow,WR,LAC,2383,2383,0%,7,FA,43441
Cameron Dorner,WR,NE,2384,2384,0%,11,FA,43364
Brennan Presley,WR,LAR,2385,2385,0%,11,FA,42322
Will Sheppard,WR,Mia,2386,2386,0%,6,FA,42089
Sincere Brown,WR,LAC,2387,2387,0%,7,FA,42925
Brandon Johnson,WR,Pit,2388,2388,0%,9,FA,34571
Kisean Johnson,WR,GB,2389,2389,0%,11,FA,42475
Jeshaun Jones,WR,Min,2390,2390,0%,6,FA,41205
Joseph Manjack,WR,Den,2391,2391,0%,10,FA,43076
Aaron Anderson,WR,Cle,2392,2392,0%,11,FA,43052
Kyrese Rowan,WR,Den,2393,2393,0%,10,FA,42527
Marcus Burke,WR,Ten,2394,2394,0%,9,FA,42975
Tyrone Broden,WR,Sea,2395,2395,0%,11,FA,42351
Octavian Smith Jr.,WR,Bal,2396,2396,0%,13,FA,43180
Eli Pancol,WR,Ind,2397,2397,0%,13,FA,42217
Luke Floriea,WR,Cle,2398,2398,0%,11,FA,42507
Omari Kelly,WR,Chi,2399,2399,0%,10,FA,43346
Coleman Owen,WR,Ind,2400,2400,0%,13,FA,42130
Levi Wentz,WR,Pit,2401,2401,0%,9,FA,43241
Jamaal Pritchett,WR,NYJ,2402,2402,0%,13,FA,42233
Barion Brown,WR,NO,2403,2403,1%,8,FA,42812
Jeff Weimer,WR,KC,2404,2404,0%,5,FA,43469
Jaden Smith,WR,Dal,2405,2405,0%,14,FA,42568
Kobe Prentice,WR,NE,2406,2406,0%,11,FA,43022
AJ Henning,WR,Mia,2407,2407,0%,6,FA,42163
D.J. Montgomery,WR,Ind,2408,2408,0%,13,FA,32283
Romello Brinson,WR,Dal,2409,2409,0%,14,FA,43150
Marcus Sanders Jr.,WR,Min,2410,2410,0%,6,FA,42913
Sahmir Hagans,WR,Ind,2411,2411,0%,13,FA,43327
Isaiah Winstead,WR,Pit,2412,2412,0%,9,FA,40466
Harrison Wallace III,WR,Ari,2413,2413,0%,14,FA,42979
Phillip Dorsett II,WR,LV,2414,2414,0%,13,FA,28417
Rashad Rochelle,WR,Sea,2415,2415,0%,11,FA,43440
Montorie Foster Jr.,WR,Sea,2416,2416,0%,11,FA,42515
Joshua Cephus,WR,Jax,2417,2417,0%,7,FA,41411
Jalen Walthall,WR,NYJ,2418,2418,0%,13,FA,43193
Chris Hilton Jr.,WR,GB,2419,2419,0%,11,FA,42987
Reggie Virgil,WR,Ari,2420,2420,0%,14,FA,42791
Bryson Green,WR,Ari,2421,2421,0%,14,FA,42100
Damien Alford,WR,NO,2422,2422,0%,8,FA,42622
Kaden Wetjen,WR,Pit,2423,2423,0%,9,FA,42743
Noah Short,WR,TB,2424,2424,0%,10,FA,42991
JaQuae Jackson,WR,LAC,2425,2425,0%,7,FA,41231
Treyvhon Saunders,WR,Hou,2426,2426,0%,8,FA,43196
Kendric Pryor,WR,Cin,2427,2427,0%,6,FA,34476
Lawrence Keys,WR,Buf,2428,2428,0%,7,FA,41275
John Jiles,WR,NE,2429,2429,0%,11,FA,41687
Ricky White III,WR,Sea,2430,2430,0%,11,FA,42042
Matthew Henry,WR,TB,2431,2431,0%,10,FA,43615
Danny Gray,WR,Phi,2432,2432,0%,10,FA,34061
Malik Cunningham,WR,Det,2433,2433,0%,6,FA,40290
Joaquin Davis,WR,Pit,2434,2434,0%,9,FA,42072
Juice Wells Jr.,WR,Atl,2435,2435,0%,11,FA,42444
Dalevon Campbell,WR,LAC,2436,2436,0%,7,FA,42519
Tru Edwards,WR,LAR,2437,2437,0%,11,FA,42316
Le'Meke Brockington,WR,Atl,2438,2438,0%,11,FA,43376
Brandon Smith,WR,Pit,2439,2439,0%,9,FA,33710
Jason Brownlee,WR,KC,2440,2440,0%,5,FA,40545
Isaiah Neyor,WR,GB,2441,2441,0%,11,FA,42385
Cameron Ross,WR,Den,2442,2442,0%,10,FA,43069
Dalen Cambre,WR,NYG,2443,2443,0%,8,FA,42200
Donaven McCulley,WR,Mia,2444,2444,0%,6,FA,43147
Cornelius Johnson,WR,Bal,2445,2445,0%,13,FA,41099
Erik Ezukanma,WR,Phi,2446,2446,0%,10,FA,34081
Kyle Dixon,WR,NE,2447,2447,0%,11,FA,43155
Kole Wilson,WR,Cle,2448,2448,0%,11,FA,43066
J. Michael Sturdivant,WR,GB,2449,2449,0%,11,FA,43085
Dominic Lovett,WR,Det,2450,2450,0%,6,FA,42043
Denzel Mims,WR,Dal,2451,2451,0%,14,FA,32729
Deion Burks,WR,Ind,2452,2452,0%,13,FA,42876
Noah Thomas,WR,Cin,2453,2453,0%,6,FA,43033
Chase Roberts,WR,LV,2454,2454,0%,13,FA,43126
Chris Blair,WR,Atl,2455,2455,0%,11,FA,33376
Kristian Wilkerson,WR,Atl,2456,2456,0%,11,FA,33349
E. Henderson Jr.,WR,Sea,2457,2457,0%,11,FA,42821
Ja'Mori Maclin,WR,Buf,2458,2458,0%,7,FA,43013
Garrett Greene,WR,TB,2459,2459,0%,10,FA,42091
Dillon Bell,WR,Min,2460,2460,0%,6,FA,42914
Quincy Skinner Jr.,WR,NYJ,2461,2461,0%,13,FA,42187
Tarik Black,WR,Det,2462,2462,0%,6,FA,33797
Sean Brown,WR,Den,2463,2463,0%,10,FA,43192
Eric Rivers Jr.,WR,TB,2464,2464,0%,10,FA,42990
Brock Rechsteiner,WR,NO,2465,2465,0%,8,FA,43435
Xavier Loyd,WR,KC,2466,2466,0%,5,FA,43281
Tahj Washington,WR,Mia,2467,2467,0%,6,FA,41104
Lance McCutcheon,WR,Ten,2468,2468,0%,9,FA,34330
Gee Scott,WR,NE,2469,2469,0%,11,FA,42290
Dean Patterson IV,WR,TB,2470,2470,0%,10,FA,43423
Dennis Houston,WR,TB,2471,2471,0%,10,FA,34592
Omari Evans,WR,KC,2472,2472,0%,5,FA,43261
E.J. Horton,WR,Ind,2473,2473,0%,13,FA,43328
Shedrick Jackson,WR,LV,2474,2474,0%,13,FA,40491
Dayton Wade,WR,Bal,2475,2475,0%,13,FA,41262
Traeshon Holden,WR,Dal,2476,2476,0%,14,FA,42151
Malik McClain,WR,NYJ,2477,2477,0%,13,FA,43159
Julian Hicks,WR,Sea,2478,2478,0%,11,FA,41451
Keelan Marion,WR,Atl,2479,2479,0%,11,FA,43377
Jordan Watkins,WR,SF,2480,2480,0%,8,FA,41917
Hakeem Butler,WR,Den,2481,2481,0%,10,FA,31935
Isaiah Wooden,WR,LAC,2482,2482,0%,7,FA,41226
Anthony Smith,WR,Dal,2483,2483,0%,14,FA,42840
Malick Meiga,WR,Car,2484,2484,0%,5,FA,43460
Kaden Davis,WR,Chi,2485,2485,0%,10,FA,34569
Luke Grimm,WR,LAC,2486,2486,0%,7,FA,42104
Ben Patterson,WR,Cle,2487,2487,0%,11,FA,42949
Ja'Corey Brooks,WR,Was,2488,2488,0%,7,FA,42482
Cam Camper,WR,NYJ,2489,2489,0%,13,FA,42212
CJ Williams,WR,Jax,2490,2490,0%,7,FA,42825
Jordan Moore,WR,Cin,2491,2491,0%,6,FA,42057
Da'Quan Felton,WR,NYJ,2492,2492,0%,13,FA,42201
Brenden Rice,WR,LV,2493,2493,0%,13,FA,41098
Alex Bullock,WR,Jax,2494,2494,0%,7,FA,42957
Josh Cameron,WR,Jax,2495,2495,0%,7,FA,42813
Jordan Hudson,WR,Dal,2496,2496,0%,14,FA,43061
Kaden Prather,WR,GB,2497,2497,0%,11,FA,42020
Theo Wease Jr.,WR,LAC,2498,2498,0%,7,FA,42161
Lucky Jackson,WR,Det,2499,2499,0%,6,FA,40791
Will Pauling,WR,SF,2500,2500,0%,8,FA,42969
Chris Brazzell II,WR,Car,2501,2501,0%,5,FA,42705
Justin Watson,WR,Hou,2502,2502,0%,8,FA,31114
Riley Nowakowski,"RB,TE",Pit,2503,2503,0%,9,FA,42803
Robbie Ouzts,"RB,TE",Sea,2504,2504,0%,11,FA,41961
Luke Schoonmaker,TE,Dal,2506,2506,0%,14,FA,40061
Michael Bandy,WR,Den,2507,2507,0%,10,FA,33928
Jaylin Lane,WR,Was,2508,2508,0%,7,FA,41920
John FitzPatrick,TE,GB,2509,2509,0%,11,FA,34169
DJ Turner,WR,LV,2510,2510,0%,13,FA,33813
Parris Campbell,WR,Dal,2511,2511,0%,14,FA,31891
Cam Akers,RB,Sea,2513,2513,0%,11,FA,32722
Jeremy McNichols,RB,Was,2514,2514,0%,7,FA,30275
Julian Hill,TE,NE,2515,2515,0%,11,FA,40629
Jake Browning,QB,TB,2516,2516,0%,10,FA,32138
K.J. Osborn,WR,Ten,2517,2517,0%,9,FA,32846
Stone Smartt,TE,NO,2518,2518,0%,8,FA,34637
Mecole Hardman Jr.,WR,Buf,2519,2519,0%,7,FA,31888
Luke Farrell,TE,SF,2520,2520,0%,8,FA,33533
Max Hurleman,"WR,RB",Pit,2521,2521,0%,9,FA,42516
Nick Westbrook-Ikhine,WR,Ind,2522,2522,0%,13,FA,33348
Johnny Mundt,TE,Phi,2523,2523,0%,10,FA,30373
Ja'Lynn Polk,WR,NO,2524,2524,0%,8,FA,40914
River Cracraft,WR,Was,2525,2525,0%,7,FA,30955
Michael Woods II,WR,Den,2526,2526,0%,10,FA,34158
Casey Washington,WR,Car,2527,2527,0%,5,FA,41074
Trey Palmer,WR,NO,2528,2528,0%,8,FA,40223
Jalen Reagor,WR,Mia,2530,2530,0%,6,FA,32691
Bryce Oliver,WR,Cle,2531,2531,0%,11,FA,41251
Brenden Bates,TE,Cle,2532,2532,0%,11,FA,41675
Patrick Taylor Jr.,RB,SF,2533,2533,0%,8,FA,33235
Jerome Ford,RB,Was,2534,2534,0%,7,FA,34112
Jimmy Horn Jr.,WR,Car,2535,2535,0%,5,FA,41999
Dan Chisena,WR,Car,2536,2536,0%,5,FA,33023
Tanner Conner,TE,NYG,2537,2537,0%,8,FA,34513
Odell Beckham Jr.,WR,NYG,2538,2538,3%,8,FA,27540
Johnny Wilson,WR,Phi,2539,2539,0%,10,FA,41089
Darius Cooper,WR,Phi,2540,2540,0%,10,FA,42464
Isaiah Williams,WR,NYJ,2541,2541,0%,13,FA,41421
Terrace Marshall Jr.,WR,Mia,2542,2542,0%,6,FA,33447
Lucas Scott,RB,Bal,2543,2543,0%,13,FA,42531
Myles Montgomery,RB,NE,2544,2544,0%,11,FA,43367
Damien Martinez,RB,GB,2545,2545,0%,11,FA,42015
Dominic Richardson,RB,NYJ,2546,2546,0%,13,FA,43034
Desmond Reid,RB,Buf,2547,2547,0%,7,FA,43185
Anthony Tyus III,RB,Car,2548,2548,0%,5,FA,42235
Alex Tecza,RB,Pit,2549,2549,0%,9,FA,43609
Elijah Tau-Tolliver,RB,Bal,2550,2550,0%,13,FA,43268
Jabari Small,RB,Det,2551,2551,0%,6,FA,41661
Julius Davis,RB,Den,2552,2552,0%,10,FA,43392
Damon Bankston,RB,NYG,2553,2553,0%,8,FA,43354
Kadarius Calloway,RB,TB,2554,2554,0%,10,FA,43424
Al-Jay Henderson,RB,NYJ,2555,2555,0%,13,FA,43110
Jacardia Wright,RB,Sea,2556,2556,0%,11,FA,42357
Justin Jones,RB,Sea,2557,2557,0%,11,FA,43478
Cash Jones,RB,Atl,2558,2558,0%,11,FA,42881
Le'Veon Moss,RB,Mia,2559,2559,0%,6,FA,42890
Dean Connors,RB,LAR,2560,2560,0%,11,FA,43140
Brittain Brown,RB,Chi,2561,2561,0%,10,FA,34206
Amar Johnson,RB,LAC,2562,2562,0%,7,FA,42240
Kye Robichaux,RB,Det,2563,2563,0%,6,FA,42245
Frank Gore Jr.,RB,Buf,2564,2564,0%,7,FA,41243
Eli Heidenreich,RB,Pit,2565,2565,1%,9,FA,42852
Sam Scott,RB,NYJ,2566,2566,0%,13,FA,43209
Deion Hankins,RB,Chi,2567,2567,0%,10,FA,42403
Trent Battle,RB,Atl,2568,2568,0%,11,FA,42978
Brock Lampe,RB,Sea,2569,2569,0%,11,FA,42293
Deneric Prince,RB,NE,2570,2570,0%,11,FA,40570
Salvon Ahmed,RB,Chi,2571,2571,0%,10,FA,33265
Kendall Milton,RB,Cin,2572,2572,0%,6,FA,41377
ShunDerrick Powell,RB,Phi,2573,2573,0%,10,FA,42460
Gary Brightwell,RB,Cin,2574,2574,0%,6,FA,33584
Jaden Nixon,RB,GB,2575,2575,0%,11,FA,43265
Jaydn Ott,RB,KC,2576,2576,0%,5,FA,42895
Ian Wheeler,RB,Buf,2577,2577,0%,7,FA,41322
Keaontay Ingram,RB,KC,2578,2578,0%,5,FA,34157
Trent Howland,RB,Den,2579,2579,0%,10,FA,43406
Michael Wiley,RB,TB,2580,2580,0%,10,FA,41234
Gregory Desrosiers,RB,LAC,2581,2581,0%,7,FA,42922
Roydell Williams,RB,Det,2582,2582,0%,6,FA,43466
Ja'Quinden Jackson,RB,Phi,2583,2583,0%,10,FA,42214
Coleman Bennett,RB,Mia,2584,2584,0%,6,FA,43187
Chip Trayanum,RB,NYJ,2585,2585,0%,13,FA,43213
Jordan Nubin,RB,Den,2586,2586,0%,10,FA,43417
Owen Wright,RB,Hou,2587,2587,0%,8,FA,40639
Ulysses Bentley IV,RB,Ind,2588,2588,0%,13,FA,42126
Jordan Waters,RB,LAR,2589,2589,0%,11,FA,42329
Kalel Mullings,RB,Ten,2590,2590,0%,9,FA,41986
Jordon Vaughn,RB,Ind,2591,2591,0%,13,FA,43329
Lew Nichols,RB,Pit,2592,2592,0%,9,FA,40260
Kentrel Bullock,RB,Cin,2593,2593,0%,6,FA,43342
Tre Stewart,RB,Ari,2594,2594,0%,14,FA,42271
Cody Schrader,RB,Den,2595,2595,0%,10,FA,41193
TJ Harden,RB,Sea,2596,2596,0%,11,FA,43051
Chase Edmonds,RB,Was,2597,2597,0%,7,FA,31104
Kevorian Barnes,RB,NYG,2598,2598,0%,8,FA,43168
Ben VanSumeren,RB,KC,2599,2599,0%,5,FA,40518
Jamal Haynes,RB,Cin,2600,2600,0%,6,FA,43345
Donovan Edwards,RB,Mia,2601,2601,0%,6,FA,42226
Montrell Johnson Jr.,RB,Car,2602,2602,0%,5,FA,42173
Blake Watson,RB,Ten,2603,2603,0%,9,FA,41388
Davon Booth,RB,Ind,2604,2604,0%,13,FA,43060
Josh Williams,RB,TB,2605,2605,0%,10,FA,42086
Roman Hemby,RB,LV,2606,2606,0%,13,FA,42941
Jackson Acker,RB,Buf,2607,2607,0%,7,FA,43331
Grant Finley,RB,NYG,2608,2608,0%,8,FA,43473
Miles Davis,RB,Car,2609,2609,0%,5,FA,43445
Jermar Jefferson,RB,Min,2610,2610,0%,6,FA,33644
Max Bredeson,RB,Min,2611,2611,0%,6,FA,42799
Joshua Pitsenberger,RB,Hou,2612,2612,0%,8,FA,43098
Dontae McMillan,RB,Bal,2613,2613,0%,13,FA,43182
Kejon Owens,RB,Min,2614,2614,0%,6,FA,42912
Barika Kpeenu,RB,TB,2615,2615,0%,10,FA,43482
Isaiah Jacobs,RB,GB,2616,2616,0%,11,FA,43090
Lincoln Pare,RB,Ind,2617,2617,0%,13,FA,43339
Israel Abanikanda,RB,Dal,2618,2618,0%,14,FA,40165
Jashaun Corbin,RB,Dal,2619,2619,0%,14,FA,34665
Dante Miller,RB,NYG,2620,2620,0%,8,FA,40874
Nathan Carter,RB,KC,2621,2621,0%,5,FA,42196
Robert Henry Jr.,RB,Was,2622,2622,0%,7,FA,42986
J'Mari Taylor,RB,Jax,2623,2623,0%,7,FA,42882
Jam Miller,RB,NE,2624,2624,0%,11,FA,42867
Rodney Hammond Jr.,RB,Den,2625,2625,0%,10,FA,43399
Lan Larison,RB,NE,2626,2626,0%,11,FA,42284
Terion Stewart,RB,KC,2627,2627,0%,5,FA,43119
Noah Whittington,RB,Hou,2628,2628,0%,8,FA,43197
Elijah Mitchell,RB,KC,2629,2629,0%,5,FA,33582
EJ Smith,RB,KC,2630,2630,0%,5,FA,43115
Anderson Castle,RB,Ind,2631,2631,0%,13,FA,43443
Carlos Washington Jr.,RB,Mia,2632,2632,0%,6,FA,40420
Ahmani Marshall,RB,Car,2633,2633,0%,5,FA,42092
Anthony Hankerson,RB,Sea,2634,2634,0%,11,FA,43149
CJ Donaldson,RB,NO,2635,2635,0%,8,FA,42940
Russell Wilson,QB,NYG,2636,2636,0%,8,FA,25785
Tim Jones,WR,Jax,2637,2637,0%,7,FA,33649
Ronnie Bell,WR,LV,2639,2639,0%,13,FA,40279
Quintin Morris,TE,Jax,2640,2640,0%,7,FA,33819
Josiah Deguara,TE,SF,2641,2641,0%,8,FA,32764
Jacob Cowing,WR,SF,2642,2642,0%,8,FA,40996
Trenton Irwin,WR,SF,2643,2643,0%,8,FA,32438
Trey Sermon,RB,Atl,2644,2644,0%,11,FA,33476
Ihmir Smith-Marsette,WR,Ari,2645,2645,0%,14,FA,33545
Cody White,WR,LV,2646,2646,0%,13,FA,32948
Tyler Scott,WR,LAR,2647,2647,0%,11,FA,40141
Tyrod Taylor,QB,GB,2648,2648,0%,11,FA,24967
Brevyn Spann-Ford,TE,Dal,2649,2649,0%,14,FA,41371
Bryce Ford-Wheaton,WR,NYG,2650,2650,0%,8,FA,40529
Irv Charles,WR,Sea,2651,2651,0%,11,FA,34356
Jordan Mims,RB,Phi,2652,2652,0%,10,FA,40631
Pierre Strong Jr.,RB,GB,2653,2653,0%,11,FA,34083
Jha'Quan Jackson,WR,Hou,2654,2654,0%,8,FA,41065
Jack Stoll,TE,Cle,2655,2655,0%,11,FA,33891
Dante Pettis,WR,Buf,2656,2656,0%,7,FA,31014
Drew Ogletree,TE,Ind,2657,2657,0%,13,FA,34148
JaMycal Hasty,RB,NE,2658,2658,0%,11,FA,33199
Efton Chism III,WR,NE,2659,2659,0%,11,FA,42296
Michael Burton,RB,Cle,2660,2660,0%,11,FA,28556
Charlie Woerner,TE,Atl,2661,2661,0%,11,FA,32860
Ameer Abdullah,RB,Jax,2662,2662,0%,7,FA,28442
Kenny McIntosh,RB,Sea,2663,2663,0%,11,FA,40267
Gunner Olszewski,WR,NYG,2664,2664,0%,8,FA,32612
Ty Chandler,RB,NO,2665,2665,0%,8,FA,34125
Scotty Miller,WR,Chi,2666,2666,0%,10,FA,32040
Deuce Vaughn,RB,Hou,2667,2667,0%,8,FA,40240
Zavier Scott,RB,Chi,2668,2668,0%,10,FA,40539
Jordan Whittington,WR,LAR,2669,2669,0%,11,FA,41083
Carson Steele,RB,Phi,2670,2670,0%,10,FA,41464
Xavier Smith,WR,LAR,2671,2671,0%,11,FA,40399
Konata Mumpfield,WR,LAR,2672,2672,0%,11,FA,42035
Dont'e Thornton Jr.,WR,LV,2673,2673,0%,13,FA,41892
Payne Durham,TE,TB,2674,2674,0%,10,FA,40193
Lucas Krull,TE,Den,2675,2675,0%,10,FA,34654
Eric Saubert,TE,Sea,2676,2676,0%,11,FA,30287
Brycen Tremayne,WR,Car,2677,2677,0%,5,FA,40407
Kyle Juszczyk,RB,SF,2678,2678,0%,8,FA,26753
Davis Mills,QB,Hou,2679,2679,0%,8,FA,33455
David Martin-Robinson,TE,Ten,2680,2680,0%,9,FA,41662
Tip Reiman,TE,Ari,2681,2681,0%,14,FA,40959
Eric Gray,RB,NYG,2682,2682,0%,8,FA,40198
Malachi Corley,WR,Cle,2683,2683,0%,11,FA,40944
Mason Tipton,WR,NO,2684,2684,0%,8,FA,41188
KeAndre Lambert-Smith,WR,LAC,2685,2685,0%,7,FA,41944
Durham Smythe,TE,Bal,2686,2686,0%,13,FA,31093
Jonathan Ward,RB,Bal,2687,2687,0%,13,FA,33088
Ben Yurosek,TE,Min,2688,2688,0%,6,FA,42434
Raheem Blackshear,RB,Det,2689,2689,0%,6,FA,34617
Xavier Weaver,WR,Ari,2690,2690,0%,14,FA,41202
Kylen Granson,TE,Ten,2691,2691,0%,9,FA,33515
Bo Melton,WR,GB,2692,2692,0%,11,FA,34185
Tucker Fisk,TE,LAC,2693,2693,0%,7,FA,34625
Chris Collier,RB,LV,2694,2694,0%,13,FA,41261
Jamari Thrash,WR,Cle,2712,2712,0%,11,FA,41016
Harrison Bryant,TE,Hou,2713,2713,0%,8,FA,32785
Terrell Jennings,RB,NE,2714,2714,0%,11,FA,41713
Dylan Drummond,WR,Atl,2715,2715,0%,11,FA,40737
Carter Runyon,TE,LV,2716,2716,0%,13,FA,42433
Ryan Miller,WR,Mia,2717,2717,0%,6,FA,40676
Blake Whiteheart,TE,Cle,2718,2718,0%,11,FA,40433
Raheem Mostert,RB,LV,2719,2719,0%,13,FA,28654
Tylan Wallace,WR,Cle,2720,2720,0%,11,FA,33519
Austin Trammell,WR,Jax,2721,2721,0%,7,FA,33745
Cameron Latu,TE,NE,2722,2722,0%,11,FA,40101
Cedrick Wilson Jr.,WR,Det,2723,2723,0%,6,FA,31178
Tom Kennedy,WR,Det,2724,2724,0%,6,FA,32561
Beaux Collins,WR,Atl,2725,2725,0%,11,FA,42194
Braxton Berrios,WR,NYG,2726,2726,0%,8,FA,31180
James Proche II,WR,Ten,2727,2727,0%,9,FA,32871
Arian Smith,WR,NYJ,2728,2728,0%,13,FA,41896
Skyy Moore,WR,GB,2729,2729,0%,11,FA,34009
Colson Yankoff,TE,Was,2730,2730,0%,7,FA,41233
Gage Larvadain,WR,Cle,2731,2731,0%,11,FA,42417
Jalen Brooks,WR,Ari,2732,2732,0%,14,FA,40257
Andrew Beck,RB,NYJ,2733,2733,0%,13,FA,32225
Tyler Huntley,QB,Bal,2734,2734,0%,13,FA,32993
Anthony Richardson Sr.,QB,Ind,2735,2735,0%,13,FA,40040
Feleipe Franks,TE,Car,2736,2736,0%,5,FA,33729
Hunter Luepke,RB,Dal,2737,2737,0%,14,FA,40780
Tyler Badie,RB,Den,2738,2738,0%,10,FA,34152
Andre Baccellia,WR,Ari,2739,2739,0%,14,FA,32943
Jake Bobo,WR,Sea,2740,2740,0%,11,FA,40452
Jalin Hyatt,WR,NYG,2741,2741,0%,8,FA,40128
Brayden Willis,TE,SF,2742,2742,0%,8,FA,40261
Tai Felton,WR,Min,2743,2743,0%,6,FA,41859
Ben Skowronek,WR,Pit,2744,2744,0%,9,FA,33637
Scott Matlock,RB,LAC,2745,2745,0%,7,FA,40225
Mason Kinsey,WR,Ten,2746,2746,0%,9,FA,33351
Zamir White,RB,NO,2747,2747,0%,8,FA,34078
Connor Heyward,RB,LV,2748,2748,0%,13,FA,34163
Trent Sherfield,WR,Buf,2749,2749,0%,7,FA,31320
KhaDarel Hodge,WR,SF,2750,2750,0%,8,FA,31769
Jonathan Mingo,WR,Dal,2751,2751,0%,14,FA,40073
Quinn Ewers,QB,Jax,2752,2752,0%,7,FA,42037
Kameron Johnson,WR,TB,2753,2753,0%,10,FA,41300
AJ Dillon,RB,Car,2754,2754,0%,5,FA,32732
Deven Thompkins,WR,LV,2755,2755,0%,13,FA,34520
Velus Jones Jr.,"WR,RB",Sea,2756,2756,0%,11,FA,34027
Jack Westover,"RB,TE",Was,2757,2757,0%,7,FA,41352
Dee Eskridge,WR,Mia,2758,2758,0%,6,FA,33444
Britain Covey,WR,Phi,2759,2759,0%,10,FA,34378
Dare Ogunbowale,RB,LV,2760,2760,0%,13,FA,30860
Laquon Treadwell,WR,Ind,2761,2761,0%,13,FA,29257
Ke'Shawn Williams,WR,Cin,2762,2762,0%,6,FA,42278
Kene Nwangwu,RB,NYJ,2763,2763,0%,13,FA,33507
Dareke Young,WR,LV,2764,2764,0%,13,FA,34189
LaJohntay Wester,WR,Bal,2765,2765,0%,13,FA,42000
Jameis Winston,QB,NYG,2766,2766,0%,8,FA,28389
Evan Hull,RB,Ari,2767,2767,0%,14,FA,40169
British Brooks,RB,Hou,2768,2768,0%,8,FA,41480
Trayveon Williams,RB,Det,2769,2769,0%,6,FA,32014
Charlie Jones,WR,NYG,2770,2770,0%,8,FA,40158
Derius Davis,WR,LAC,2771,2771,0%,7,FA,40133
Simi Fehoko,WR,Ari,2772,2772,0%,14,FA,33567
Nikko Remigio,WR,KC,2773,2773,0%,5,FA,40571
Dameon Pierce,RB,Phi,2774,2774,0%,10,FA,34063
Khalil Herbert,RB,SF,2775,2775,0%,8,FA,33605
Devin Duvernay,WR,Ari,2776,2776,0%,14,FA,32762
Alec Ingold,RB,LAC,2777,2777,0%,7,FA,32344
Myles Price,WR,Min,2778,2778,1%,6,FA,42389
Alex Bachman,WR,LAR,2779,2779,0%,11,FA,32124
Drew Lock,QB,Sea,2780,2780,0%,11,FA,31874
Anthony Gould,WR,Ind,2781,2781,0%,13,FA,41046
Rasheen Ali,RB,Bal,2782,2782,0%,13,FA,41033
DeAndre Carter,WR,Cle,2783,2783,0%,11,FA,28947
Will Levis,QB,Ten,2784,2784,0%,9,FA,40068
Isaac Guerendo,RB,SF,2785,2785,1%,8,FA,40998
Aidan O'Connell,QB,LV,2786,2786,0%,13,FA,40138
Ronnie Rivers,RB,LAR,2787,2787,0%,11,FA,34310
Hassan Haskins,RB,NE,2788,2788,0%,11,FA,34087
Brady Russell,"RB,TE",Sea,2789,2789,0%,11,FA,40519
Will Shipley,RB,Phi,2790,2790,0%,10,FA,41002
Tyler Goodson,RB,Atl,2791,2791,0%,11,FA,34261
D'Ernest Johnson,RB,Ten,2792,2792,0%,9,FA,32608
Xavier Gipson,WR,NYG,2793,2793,0%,8,FA,40548
Jacob Saylors,RB,Det,2794,2794,2%,6,FA,40474
Adam Prentice,RB,Den,2795,2795,0%,10,FA,33901
Patrick Ricard,RB,NYG,2796,2796,0%,8,FA,30592
DeeJay Dallas,RB,Min,2797,2797,0%,6,FA,32814
Craig Reynolds,RB,Was,2798,2798,0%,7,FA,32596
Dillon Gabriel,QB,Cle,2799,2799,0%,11,FA,41861
Hunter Dekkers,QB,NO,2800,2800,0%,8,FA,42537
Brett Rypien,QB,Hou,2801,2801,0%,8,FA,32221
Sam Hartman,QB,Was,2802,2802,0%,7,FA,41238
Taylen Green,QB,Cle,2803,2803,0%,11,FA,42804
Matthew Caldwell,QB,LAR,2804,2804,0%,11,FA,42901
Austin Reed,QB,Bal,2805,2805,0%,13,FA,41220
Adrian Martinez,QB,SF,2806,2806,0%,8,FA,40299
Kedon Slovis,QB,GB,2807,2807,0%,11,FA,41476
Jeff Driskel,QB,Was,2808,2808,0%,7,FA,29441
Jake Retzlaff,QB,Sea,2809,2809,0%,11,FA,43004
Kyle McCord,QB,Mia,2810,2810,0%,6,FA,41971
Will Howard,QB,Pit,2811,2811,0%,9,FA,41989
Athan Kaliakmanis,QB,Was,2812,2812,0%,7,FA,42845
Cole Payton,QB,Phi,2813,2813,0%,10,FA,42801
Stetson Bennett IV,QB,LAR,2814,2814,0%,11,FA,40153
Kyle Allen,QB,Buf,2815,2815,0%,7,FA,31301
John Wolford,QB,Min,2816,2816,0%,6,FA,31803
Drew Allar,QB,Pit,2817,2817,0%,9,FA,42698
Miller Moss,QB,Chi,2818,2818,0%,10,FA,42902
Carter Bradley,QB,Jax,2819,2819,0%,7,FA,41133
Mark Gronowski,QB,Mia,2820,2820,0%,6,FA,43146
Chandler Morris,QB,TB,2821,2821,0%,10,FA,42883
Garrett Nussmeier,QB,KC,2822,2822,0%,5,FA,42871
Tommy DeVito,QB,NE,2823,2823,0%,11,FA,40533
Shane Buechele,QB,Buf,2824,2824,0%,7,FA,33879
Joe Fagnano,QB,Bal,2825,2825,0%,13,FA,43003
Ken Seals,QB,KC,2826,2826,0%,5,FA,43111
Ty Simpson,QB,LAR,2827,2827,1%,11,FA,42635
Jacob Clark,QB,LV,2828,2828,0%,13,FA,43128
Kurtis Rourke,QB,SF,2829,2829,0%,8,FA,42009
Case Keenum,QB,Chi,2830,2830,0%,10,FA,26483
Cade Klubnik,QB,NYJ,2831,2831,0%,13,FA,42732
Sam Howell,QB,Dal,2832,2832,0%,14,FA,34100
Joey Aguilar,QB,Jax,2833,2833,0%,7,FA,42903
Haynes King,QB,Car,2834,2834,0%,5,FA,42904
DJ Uiagalelei,QB,LAC,2835,2835,0%,7,FA,42079
Jack Strand,QB,Atl,2836,2836,0%,11,FA,42898
Trevor Siemian,QB,Ten,2837,2837,0%,9,FA,28638
Bailey Zappe,QB,NYJ,2838,2838,0%,13,FA,34093
Will Grier,QB,Dal,2839,2839,0%,14,FA,31932
Hendon Hooker,QB,Ten,2840,2840,0%,9,FA,40096
Easton Stick,QB,TB,2841,2841,0%,10,FA,31998
Graham Mertz,QB,Hou,2842,2842,0%,8,FA,41975
Luke Altmyer,QB,Det,2843,2843,0%,6,FA,42899
Teddy Bridgewater,QB,TB,2844,2844,0%,10,FA,27560
Chris Oladokun,QB,KC,2845,2845,0%,5,FA,34197
Sam Ehlinger,QB,Den,2846,2846,0%,10,FA,33606
Sean Clifford,QB,SF,2847,2847,0%,8,FA,40173
Brandon Allen,QB,NYG,2848,2848,0%,8,FA,29435
Kyle Trask,QB,Car,2849,2849,0%,5,FA,33452
Diego Pavia,QB,Bal,2850,2850,0%,13,FA,43001
Behren Morton,QB,NE,2851,2851,0%,11,FA,42856
Sawyer Robertson,QB,LV,2852,2852,0%,13,FA,42893
E.J. Warner,QB,Den,2853,2853,0%,10,FA,43402
Jarrett Stidham,QB,Den,2854,2854,0%,10,FA,31965
Skylar Thompson,QB,Bal,2855,2855,0%,13,FA,34203
Cam Miller,QB,Mia,2856,2856,0%,6,FA,41964
Jalon Daniels,QB,TB,2857,2857,0%,10,FA,42919
Kyron Drones,QB,GB,2858,2858,0%,11,FA,42900
Nathan Peterman,QB,Atl,2859,2859,0%,11,FA,30284
Seth Henigan,QB,Ind,2860,2860,0%,13,FA,42205
Kaidon Salter,QB,Ten,2861,2861,0%,9,FA,42982
Connor Bazelak,QB,TB,2862,2862,0%,10,FA,42084
Julius Chestnut,RB,Ten,2863,2863,0%,9,FA,34451
Brady Cook,QB,Mia,2864,2864,0%,6,FA,42229
Reggie Gilliam,RB,NE,2865,2865,0%,11,FA,33357
Travis Homer,RB,Pit,2866,2866,0%,9,FA,32036
Dylan Laube,RB,LV,2867,2867,1%,13,FA,41054
Desmond Ridder,QB,GB,2868,2868,0%,11,FA,34030
Riley Leonard,QB,Ind,2869,2869,0%,13,FA,41968
Mitchell Trubisky,QB,Ten,2870,2870,0%,9,FA,30115
Jake Haener,QB,NYG,2871,2871,0%,8,FA,40144
Josh Johnson,QB,Cin,2872,2872,0%,6,FA,8937
Tyson Bagent,QB,Chi,2873,2873,0%,10,FA,40504
Clayton Tune,QB,GB,2874,2874,0%,11,FA,40188
Mason Rudolph,QB,Pit,2875,2875,0%,9,FA,31046
Tanner McKee,QB,Phi,2876,2876,0%,10,FA,40220
Andy Dalton,QB,Phi,2877,2877,0%,10,FA,24822
Joe Milton III,QB,Dal,2878,2878,0%,14,FA,41060
Trey Lance,QB,LAC,2879,2879,0%,7,FA,33391
Cooper Rush,QB,Atl,2880,2880,0%,11,FA,30788
Max Brosmer,QB,Min,2881,2881,0%,6,FA,42075
Kenny Pickett,QB,Car,2882,2882,0%,5,FA,33975
Gardner Minshew II,QB,Ari,2883,2883,0%,14,FA,32010
Joshua Dobbs,QB,Det,2884,2884,0%,6,FA,30248
Zach Wilson,QB,NO,2885,2885,0%,8,FA,33390
Jimmy Garoppolo,QB,LAR,2886,2886,0%,11,FA,27590
Nick Mullens,QB,Jax,2888,2888,0%,7,FA,30563
